month,close,adjclose
2008-12,30.5000,18.8772
2009-01,33.0500,20.4555
2009-02,36.6400,22.6774
2009-03,42.1500,26.0877
2009-04,48.0000,29.7084
2009-05,44.4600,27.5174
2009-06,49.0200,30.3397
2009-07,48.4500,29.9869
2009-08,53.3000,32.9887
2009-09,51.6500,31.9675
2009-10,52.7000,32.6174
2009-11,56.4500,34.9383
2009-12,53.0000,32.8030
2010-01,51.5500,31.9056
2010-02,54.2500,33.5767
2010-03,54.8000,33.9171
2010-04,50.1000,31.0081
2010-05,49.5500,30.6678
2010-06,53.9000,33.3601
2010-07,53.3000,32.9887
2010-08,57.7000,35.7120
2010-09,56.0000,34.6598
2010-10,57.1000,35.3406
2010-11,61.4000,38.0020
2010-12,63.0000,38.9923
2011-01,63.6500,39.3946
2011-02,59.5500,36.8570
2011-03,62.0000,38.3734
2011-04,62.0000,38.3734
2011-05,58.8500,36.4237
2011-06,59.9000,37.0736
2011-07,54.5500,33.7624
2011-08,51.6500,31.9675
2011-09,52.2000,32.3079
2011-10,48.0800,29.7579
2011-11,49.8100,30.8287
2011-12,51.9500,32.1532
2012-01,56.0000,34.6598
2012-02,54.9000,33.9790
2012-03,52.0500,32.2151
2012-04,50.1500,31.0391
2012-05,50.2000,31.0700
2012-06,51.1000,31.6271
2012-07,52.7500,32.6483
2012-08,55.1500,34.1337
2012-09,50.4000,31.1938
2012-10,53.5500,33.1434
2012-11,53.8000,33.2982
2012-12,54.6000,33.7933
2013-01,55.2000,34.1647
2013-02,55.1000,34.1028
2013-03,56.4000,34.9074
2013-04,56.9500,35.2478
2013-05,55.1000,34.1028
2013-06,56.6000,35.0312
2013-07,55.8500,34.5670
2013-08,57.1500,35.3716
2013-09,57.9000,36.6793
2013-10,57.5500,36.4576
2013-11,58.7000,37.1861
2013-12,14.4000,9.1223
2014-01,14.5750,9.2332
2014-02,15.0250,9.5183
2014-03,15.2500,9.6608
2014-04,15.7750,9.9934
2014-05,16.4875,10.4447
2014-06,16.6875,10.5714
2014-07,17.3000,10.9595
2014-08,16.3250,10.3418
2014-09,16.3250,11.4313
2014-10,16.8750,11.8165
2014-11,16.7125,11.7027
2014-12,17.0000,11.9040
2015-01,17.5750,12.3066
2015-02,17.2625,12.0878
2015-03,17.8625,12.5079
2015-04,17.7750,12.4467
2015-05,17.3500,12.1491
2015-06,16.5375,11.5801
2015-07,15.5750,10.9062
2015-08,15.6000,10.9237
2015-09,15.8000,11.4100
2015-10,15.3000,11.0489
2015-11,15.1875,10.9677
2015-12,14.7500,10.6517
2016-01,15.3125,11.0579
2016-02,16.1625,11.6718
2016-03,15.4000,11.1211
2016-04,15.7875,11.4010
2016-05,16.3625,11.8162
2016-06,17.1375,12.5287
2016-07,17.3500,12.6840
2016-08,17.7375,12.9673
2016-09,18.1500,13.2689
2016-10,17.9250,13.1044
2016-11,17.9500,13.1226
2016-12,18.3250,13.3968
2017-01,18.2875,13.6868
2017-02,18.4250,13.7897
2017-03,18.6375,13.9488
2017-04,19.1250,14.3136
2017-05,20.1000,15.0433
2017-06,20.3375,15.3520
2017-07,20.7375,15.6539
2017-08,20.1625,15.2199
2017-09,21.3000,16.0785
2017-10,20.5625,15.5218
2017-11,20.5375,15.5029
2017-12,21.1625,16.3867
2018-01,20.5875,15.9415
2018-02,20.7375,16.0577
2018-03,20.0000,15.4866
2018-04,20.1875,15.6318
2018-05,20.3625,15.7673
2018-06,21.3875,16.6991
2018-07,21.7375,16.9723
2018-08,21.7250,16.9626
2018-09,19.3875,15.1375
2018-10,19.1875,14.9813
2018-11,18.8750,14.7373
2018-12,18.5875,14.9627
2019-01,19.4125,15.6268
2019-02,19.7875,15.9287
2019-03,20.7000,16.6633
2019-04,19.6125,15.7878
2019-05,20.2250,16.2809
2019-06,20.7000,16.8055
2019-07,20.4625,16.6127
2019-08,21.1500,17.1708
2019-09,22.5250,18.2871
2019-10,22.8750,18.5713
2019-11,24.2375,19.6775
2019-12,22.4875,18.8499
2020-01,22.1625,18.5775
2020-02,19.0375,15.9580
2020-03,21.3750,17.9174
2020-04,21.1125,17.6973
2020-05,22.4750,18.8394
2020-06,25.9500,21.9104
2020-07,25.4500,21.4882
2020-08,25.7500,21.7415
2020-09,25.7500,21.7415
2020-10,28.3250,23.9156
2020-11,30.5625,25.8048
2020-12,32.0500,27.6505
2021-01,33.3500,28.7721
2021-02,33.6875,29.0632
2021-03,35.1500,30.3250
2021-04,34.2750,29.5701
2021-05,34.7375,29.9691
2021-06,34.0125,29.4187
2021-07,35.0875,30.3485
2021-08,34.2625,29.6349
2021-09,33.9500,29.3646
2021-10,34.5000,29.8403
2021-11,36.3750,31.4621
2021-12,35.3875,31.2793
2022-01,34.6250,30.6053
2022-02,34.5250,30.5169
2022-03,32.1875,28.4508
2022-04,32.4500,28.6828
2022-05,28.9500,25.5891
2022-06,29.5000,26.4881
2022-07,29.4000,26.4500
2022-08,25.8625,23.2675
2022-09,24.7625,22.2778
2022-10,29.0875,26.1689
2022-11,27.5500,24.7856
2022-12,29.5750,27.2064
2023-01,29.7000,27.3214
2023-02,30.4000,27.9653
2023-03,29.3500,26.9994
2023-04,31.5375,29.0117
2023-05,32.2750,29.6902
2023-06,32.2000,30.0538
2023-07,31.4250,29.3304
2023-08,30.6625,28.6187
2023-09,30.2875,28.2687
2023-10,32.8375,30.6488
2023-11,33.8625,31.6054
2023-12,33.5875,32.0798
2024-01,35.8250,34.2169
2024-02,39.4500,37.6791
2024-03,39.5625,37.7866
2024-04,41.5000,39.6371
2024-05,46.6125,44.5201
2024-06,45.2125,43.4036
2024-07,45.3375,43.5236
2024-08,45.9875,44.1476
2024-09,47.9500,46.0316
2024-10,46.8125,44.9396
2024-11,48.9375,46.9796
2024-12,50.3250,48.9793
2025-01,48.1250,46.8381
2025-02,43.1875,42.0327
2025-03,42.1500,41.0229
2025-04,44.9375,43.7359
2025-05,48.3600,47.0668
2025-06,51.5500,50.5251
2025-07,52.5000,51.4562
2025-08,57.8000,56.6508
2025-09,64.7500,63.4626
2025-10,62.3500,61.1104
2025-11,65.6000,64.2957
2025-12,72.6000,72.1609
2026-01,81.1500,80.6592
2026-02,72.3500,71.9124
2026-03,90.5000,89.9526
2026-04,105.4000,104.7625
2026-05,107.8000,107.1480
2026-06,102.8500,102.8500
2026-07,106.2500,106.2500
2026-08,112.4500,112.4500
2026-09,112.4000,112.4000
